{
    "room_uuid": "b7e8b12e-a5e2-5bf2-d7e9-cf3999518f0c",
    "x": 1.290295124053955,
    "y": 1.1510345935821534,
    "z": 3.722929000854492
}